Name;Protocol;Id
DNP3_protocol;DNP3 LAN/WAN;1
DNP3_protocol;DNP3 LAN/WAN;1
DNP3_protocol;DNP3 LAN/WAN;1
DNP3_protocol;DNP3 LAN/WAN;1
DNP3_protocol;DNP3 LAN/WAN;1
DNP3_protocol;DNP3 LAN/WAN;1
DNP3_protocol;DNP3 LAN/WAN;1
DNP3_protocol;DNP3 LAN/WAN;1
DNP3_protocol;DNP3 LAN/WAN;1
DNP3_protocol;DNP3 LAN/WAN;1
DNP3_protocol;DNP3 LAN/WAN;1
DNP3_protocol;DNP3 LAN/WAN;1
DNP3_protocol;DNP3 LAN/WAN;1
DNP3_protocol;DNP3 LAN/WAN;1
DNP3_protocol;DNP3 LAN/WAN;1
DNP3_protocol;DNP3 LAN/WAN;1
DNP3_protocol;DNP3 LAN/WAN;1
DNP3_protocol;DNP3 LAN/WAN;1
